STATE,STATENAME,ST_CASE,VEH_NO,PER_NO,NMHELMET,NMHELMETNAME,NMPROPAD,NMPROPADNAME,NMOTHPRO,NMOTHPRONAME,NMREFCLO,NMREFCLONAME,NMLIGHT,NMLIGHTNAME,NMOTHPRE,NMOTHPRENAME
41,Oregon,410004,0,1,8,Not Reported,8,Not Reported,8,Not Reported,8,Not Reported,8,Not Reported,8,Not Reported
41,Oregon,410012,0,1,8,Not Reported,8,Not Reported,8,Not Reported,8,Not Reported,8,Not Reported,8,Not Reported
41,Oregon,410013,0,1,8,Not Reported,8,Not Reported,8,Not Reported,8,Not Reported,8,Not Reported,8,Not Reported
41,Oregon,410014,0,1,8,Not Reported,8,Not Reported,8,Not Reported,8,Not Reported,8,Not Reported,8,Not Reported
41,Oregon,410015,0,1,8,Not Reported,8,Not Reported,8,Not Reported,8,Not Reported,8,Not Reported,8,Not Reported
41,Oregon,410016,0,1,8,Not Reported,8,Not Reported,8,Not Reported,8,Not Reported,8,Not Reported,8,Not Reported
41,Oregon,410018,0,1,8,Not Reported,8,Not Reported,8,Not Reported,1,No,8,Not Reported,8,Not Reported
41,Oregon,410021,0,1,8,Not Reported,8,Not Reported,8,Not Reported,8,Not Reported,8,Not Reported,8,Not Reported
41,Oregon,410033,0,1,8,Not Reported,8,Not Reported,8,Not Reported,1,No,8,Not Reported,8,Not Reported
41,Oregon,410035,0,1,8,Not Reported,8,Not Reported,8,Not Reported,1,No,8,Not Reported,8,Not Reported
41,Oregon,410037,0,1,8,Not Reported,8,Not Reported,8,Not Reported,1,No,8,Not Reported,8,Not Reported
41,Oregon,410039,0,1,8,Not Reported,8,Not Reported,8,Not Reported,1,No,8,Not Reported,8,Not Reported
41,Oregon,410046,0,1,8,Not Reported,8,Not Reported,8,Not Reported,1,No,8,Not Reported,8,Not Reported
41,Oregon,410048,0,1,8,Not Reported,8,Not Reported,8,Not Reported,8,Not Reported,8,Not Reported,8,Not Reported
41,Oregon,410052,0,1,8,Not Reported,8,Not Reported,8,Not Reported,8,Not Reported,8,Not Reported,8,Not Reported
41,Oregon,410052,0,2,8,Not Reported,8,Not Reported,8,Not Reported,8,Not Reported,8,Not Reported,8,Not Reported
41,Oregon,410055,0,1,8,Not Reported,8,Not Reported,8,Not Reported,2,Yes,8,Not Reported,8,Not Reported
41,Oregon,410058,0,1,8,Not Reported,8,Not Reported,8,Not Reported,8,Not Reported,8,Not Reported,8,Not Reported
41,Oregon,410058,0,2,8,Not Reported,8,Not Reported,8,Not Reported,8,Not Reported,8,Not Reported,8,Not Reported
41,Oregon,410061,0,1,8,Not Reported,8,Not Reported,8,Not Reported,8,Not Reported,8,Not Reported,8,Not Reported
41,Oregon,410062,0,1,8,Not Reported,8,Not Reported,8,Not Reported,8,Not Reported,8,Not Reported,8,Not Reported
41,Oregon,410064,0,1,8,Not Reported,8,Not Reported,8,Not Reported,8,Not Reported,8,Not Reported,8,Not Reported
41,Oregon,410068,0,1,8,Not Reported,8,Not Reported,8,Not Reported,1,No,8,Not Reported,8,Not Reported
41,Oregon,410072,0,1,8,Not Reported,8,Not Reported,8,Not Reported,1,No,8,Not Reported,8,Not Reported
41,Oregon,410075,0,1,8,Not Reported,8,Not Reported,8,Not Reported,1,No,8,Not Reported,8,Not Reported
41,Oregon,410076,0,1,8,Not Reported,8,Not Reported,8,Not Reported,1,No,8,Not Reported,8,Not Reported
41,Oregon,410079,0,1,8,Not Reported,8,Not Reported,8,Not Reported,8,Not Reported,8,Not Reported,8,Not Reported
41,Oregon,410082,0,1,8,Not Reported,8,Not Reported,8,Not Reported,8,Not Reported,8,Not Reported,8,Not Reported
41,Oregon,410082,0,2,8,Not Reported,8,Not Reported,8,Not Reported,8,Not Reported,8,Not Reported,8,Not Reported
41,Oregon,410094,0,1,8,Not Reported,8,Not Reported,8,Not Reported,8,Not Reported,8,Not Reported,8,Not Reported
41,Oregon,410095,0,1,8,Not Reported,8,Not Reported,8,Not Reported,8,Not Reported,8,Not Reported,8,Not Reported
41,Oregon,410096,0,1,8,Not Reported,8,Not Reported,8,Not Reported,8,Not Reported,8,Not Reported,8,Not Reported
41,Oregon,410097,0,1,8,Not Reported,8,Not Reported,8,Not Reported,8,Not Reported,8,Not Reported,8,Not Reported
41,Oregon,410098,0,1,8,Not Reported,8,Not Reported,8,Not Reported,8,Not Reported,2,Yes,8,Not Reported
41,Oregon,410100,0,1,8,Not Reported,8,Not Reported,8,Not Reported,8,Not Reported,8,Not Reported,8,Not Reported
41,Oregon,410102,0,1,8,Not Reported,8,Not Reported,8,Not Reported,1,No,8,Not Reported,8,Not Reported
41,Oregon,410109,0,1,8,Not Reported,8,Not Reported,8,Not Reported,1,No,8,Not Reported,8,Not Reported
41,Oregon,410115,0,1,8,Not Reported,8,Not Reported,8,Not Reported,8,Not Reported,8,Not Reported,8,Not Reported
41,Oregon,410115,0,2,8,Not Reported,8,Not Reported,8,Not Reported,8,Not Reported,8,Not Reported,8,Not Reported
41,Oregon,410115,0,3,8,Not Reported,8,Not Reported,8,Not Reported,8,Not Reported,8,Not Reported,8,Not Reported
41,Oregon,410115,0,4,8,Not Reported,8,Not Reported,8,Not Reported,8,Not Reported,8,Not Reported,8,Not Reported
41,Oregon,410115,0,5,8,Not Reported,8,Not Reported,8,Not Reported,8,Not Reported,8,Not Reported,8,Not Reported
41,Oregon,410115,0,6,8,Not Reported,8,Not Reported,8,Not Reported,8,Not Reported,8,Not Reported,8,Not Reported
41,Oregon,410117,0,1,8,Not Reported,8,Not Reported,8,Not Reported,8,Not Reported,8,Not Reported,8,Not Reported
41,Oregon,410120,0,1,8,Not Reported,8,Not Reported,8,Not Reported,8,Not Reported,8,Not Reported,8,Not Reported
41,Oregon,410124,0,1,8,Not Reported,8,Not Reported,8,Not Reported,1,No,8,Not Reported,8,Not Reported
41,Oregon,410125,0,1,8,Not Reported,8,Not Reported,8,Not Reported,8,Not Reported,8,Not Reported,8,Not Reported
41,Oregon,410131,0,1,8,Not Reported,8,Not Reported,8,Not Reported,8,Not Reported,8,Not Reported,8,Not Reported
41,Oregon,410138,0,1,8,Not Reported,8,Not Reported,8,Not Reported,8,Not Reported,8,Not Reported,8,Not Reported
41,Oregon,410155,0,1,8,Not Reported,8,Not Reported,8,Not Reported,1,No,8,Not Reported,8,Not Reported
41,Oregon,410156,0,1,8,Not Reported,8,Not Reported,8,Not Reported,8,Not Reported,8,Not Reported,8,Not Reported
41,Oregon,410157,0,1,8,Not Reported,8,Not Reported,8,Not Reported,8,Not Reported,8,Not Reported,8,Not Reported
41,Oregon,410164,0,1,1,No,8,Not Reported,8,Not Reported,8,Not Reported,8,Not Reported,8,Not Reported
41,Oregon,410174,0,1,8,Not Reported,8,Not Reported,8,Not Reported,8,Not Reported,8,Not Reported,8,Not Reported
41,Oregon,410194,0,1,2,Yes,8,Not Reported,8,Not Reported,8,Not Reported,8,Not Reported,8,Not Reported
41,Oregon,410195,0,1,8,Not Reported,8,Not Reported,8,Not Reported,8,Not Reported,8,Not Reported,8,Not Reported
41,Oregon,410197,0,1,8,Not Reported,8,Not Reported,8,Not Reported,8,Not Reported,8,Not Reported,8,Not Reported
41,Oregon,410218,0,1,8,Not Reported,8,Not Reported,8,Not Reported,8,Not Reported,8,Not Reported,8,Not Reported
41,Oregon,410224,0,1,8,Not Reported,8,Not Reported,8,Not Reported,1,No,8,Not Reported,8,Not Reported
41,Oregon,410240,0,1,8,Not Reported,8,Not Reported,8,Not Reported,8,Not Reported,8,Not Reported,8,Not Reported
41,Oregon,410248,0,1,2,Yes,8,Not Reported,8,Not Reported,8,Not Reported,8,Not Reported,8,Not Reported
41,Oregon,410251,0,1,8,Not Reported,8,Not Reported,8,Not Reported,8,Not Reported,8,Not Reported,8,Not Reported
41,Oregon,410252,0,1,1,No,8,Not Reported,8,Not Reported,8,Not Reported,8,Not Reported,8,Not Reported
41,Oregon,410259,0,1,8,Not Reported,8,Not Reported,8,Not Reported,8,Not Reported,8,Not Reported,8,Not Reported
41,Oregon,410263,0,1,8,Not Reported,8,Not Reported,8,Not Reported,8,Not Reported,8,Not Reported,8,Not Reported
41,Oregon,410266,0,1,8,Not Reported,8,Not Reported,8,Not Reported,8,Not Reported,8,Not Reported,8,Not Reported
41,Oregon,410272,0,1,8,Not Reported,8,Not Reported,8,Not Reported,8,Not Reported,8,Not Reported,8,Not Reported
41,Oregon,410274,0,1,8,Not Reported,8,Not Reported,8,Not Reported,8,Not Reported,8,Not Reported,8,Not Reported
41,Oregon,410276,0,1,8,Not Reported,8,Not Reported,8,Not Reported,8,Not Reported,8,Not Reported,8,Not Reported
41,Oregon,410280,0,1,8,Not Reported,8,Not Reported,8,Not Reported,8,Not Reported,8,Not Reported,8,Not Reported
41,Oregon,410285,0,1,8,Not Reported,8,Not Reported,8,Not Reported,1,No,8,Not Reported,8,Not Reported
41,Oregon,410301,0,1,8,Not Reported,8,Not Reported,8,Not Reported,8,Not Reported,8,Not Reported,8,Not Reported
41,Oregon,410309,0,1,8,Not Reported,8,Not Reported,8,Not Reported,8,Not Reported,8,Not Reported,8,Not Reported
41,Oregon,410321,0,1,2,Yes,8,Not Reported,8,Not Reported,8,Not Reported,8,Not Reported,8,Not Reported
41,Oregon,410323,0,1,8,Not Reported,8,Not Reported,8,Not Reported,1,No,8,Not Reported,8,Not Reported
41,Oregon,410331,0,1,8,Not Reported,8,Not Reported,8,Not Reported,8,Not Reported,8,Not Reported,8,Not Reported
41,Oregon,410334,0,1,8,Not Reported,8,Not Reported,8,Not Reported,8,Not Reported,8,Not Reported,8,Not Reported
41,Oregon,410337,0,1,8,Not Reported,8,Not Reported,8,Not Reported,8,Not Reported,8,Not Reported,8,Not Reported
41,Oregon,410339,0,1,8,Not Reported,8,Not Reported,8,Not Reported,8,Not Reported,8,Not Reported,8,Not Reported
41,Oregon,410342,0,1,8,Not Reported,8,Not Reported,8,Not Reported,8,Not Reported,8,Not Reported,8,Not Reported
41,Oregon,410348,0,1,8,Not Reported,8,Not Reported,8,Not Reported,8,Not Reported,8,Not Reported,8,Not Reported
41,Oregon,410356,0,1,8,Not Reported,8,Not Reported,8,Not Reported,8,Not Reported,8,Not Reported,8,Not Reported
41,Oregon,410365,0,1,8,Not Reported,8,Not Reported,8,Not Reported,8,Not Reported,8,Not Reported,8,Not Reported
41,Oregon,410368,0,1,8,Not Reported,8,Not Reported,8,Not Reported,1,No,8,Not Reported,8,Not Reported
41,Oregon,410371,0,1,8,Not Reported,8,Not Reported,8,Not Reported,8,Not Reported,8,Not Reported,8,Not Reported
41,Oregon,410377,0,1,2,Yes,8,Not Reported,8,Not Reported,8,Not Reported,8,Not Reported,8,Not Reported
41,Oregon,410377,0,2,2,Yes,8,Not Reported,8,Not Reported,8,Not Reported,8,Not Reported,8,Not Reported
41,Oregon,410387,0,1,8,Not Reported,8,Not Reported,8,Not Reported,1,No,8,Not Reported,8,Not Reported
41,Oregon,410397,0,1,8,Not Reported,8,Not Reported,8,Not Reported,1,No,8,Not Reported,8,Not Reported
41,Oregon,410398,0,1,8,Not Reported,8,Not Reported,8,Not Reported,1,No,8,Not Reported,8,Not Reported
41,Oregon,410400,0,1,8,Not Reported,8,Not Reported,8,Not Reported,8,Not Reported,8,Not Reported,8,Not Reported
41,Oregon,410402,0,1,2,Yes,8,Not Reported,8,Not Reported,8,Not Reported,8,Not Reported,8,Not Reported
41,Oregon,410405,0,1,8,Not Reported,8,Not Reported,8,Not Reported,8,Not Reported,8,Not Reported,8,Not Reported
41,Oregon,410408,0,1,8,Not Reported,8,Not Reported,8,Not Reported,1,No,8,Not Reported,8,Not Reported
41,Oregon,410415,0,1,2,Yes,8,Not Reported,8,Not Reported,8,Not Reported,8,Not Reported,8,Not Reported
41,Oregon,410418,0,1,8,Not Reported,8,Not Reported,8,Not Reported,1,No,8,Not Reported,8,Not Reported
41,Oregon,410421,0,1,8,Not Reported,8,Not Reported,8,Not Reported,8,Not Reported,8,Not Reported,8,Not Reported
41,Oregon,410427,0,1,8,Not Reported,8,Not Reported,8,Not Reported,8,Not Reported,8,Not Reported,8,Not Reported
41,Oregon,410428,0,1,8,Not Reported,8,Not Reported,8,Not Reported,8,Not Reported,8,Not Reported,8,Not Reported
41,Oregon,410428,0,2,8,Not Reported,8,Not Reported,8,Not Reported,8,Not Reported,8,Not Reported,8,Not Reported
41,Oregon,410435,0,1,8,Not Reported,8,Not Reported,8,Not Reported,1,No,8,Not Reported,8,Not Reported
41,Oregon,410436,0,1,8,Not Reported,8,Not Reported,8,Not Reported,8,Not Reported,8,Not Reported,8,Not Reported
41,Oregon,410439,0,1,8,Not Reported,8,Not Reported,8,Not Reported,8,Not Reported,8,Not Reported,8,Not Reported
41,Oregon,410447,0,1,8,Not Reported,8,Not Reported,8,Not Reported,8,Not Reported,8,Not Reported,8,Not Reported
41,Oregon,410449,0,1,8,Not Reported,8,Not Reported,8,Not Reported,8,Not Reported,8,Not Reported,8,Not Reported
41,Oregon,410453,0,1,8,Not Reported,8,Not Reported,8,Not Reported,8,Not Reported,8,Not Reported,8,Not Reported
41,Oregon,410456,0,1,8,Not Reported,8,Not Reported,8,Not Reported,8,Not Reported,8,Not Reported,8,Not Reported
41,Oregon,410457,0,1,8,Not Reported,8,Not Reported,8,Not Reported,8,Not Reported,8,Not Reported,8,Not Reported
41,Oregon,410458,0,1,8,Not Reported,8,Not Reported,8,Not Reported,1,No,8,Not Reported,8,Not Reported
41,Oregon,410459,0,1,8,Not Reported,8,Not Reported,8,Not Reported,1,No,8,Not Reported,8,Not Reported
41,Oregon,410460,0,1,8,Not Reported,8,Not Reported,8,Not Reported,8,Not Reported,8,Not Reported,8,Not Reported
41,Oregon,410461,0,1,8,Not Reported,8,Not Reported,8,Not Reported,1,No,8,Not Reported,8,Not Reported
41,Oregon,410467,0,1,8,Not Reported,8,Not Reported,8,Not Reported,8,Not Reported,8,Not Reported,8,Not Reported
41,Oregon,410468,0,1,8,Not Reported,8,Not Reported,8,Not Reported,8,Not Reported,8,Not Reported,8,Not Reported
41,Oregon,410470,0,1,8,Not Reported,8,Not Reported,8,Not Reported,8,Not Reported,8,Not Reported,8,Not Reported
41,Oregon,410471,0,1,8,Not Reported,8,Not Reported,8,Not Reported,8,Not Reported,8,Not Reported,8,Not Reported
41,Oregon,410474,0,1,8,Not Reported,8,Not Reported,8,Not Reported,8,Not Reported,8,Not Reported,8,Not Reported
41,Oregon,410475,0,1,8,Not Reported,8,Not Reported,8,Not Reported,1,No,8,Not Reported,8,Not Reported
41,Oregon,410478,0,1,8,Not Reported,8,Not Reported,8,Not Reported,8,Not Reported,8,Not Reported,8,Not Reported
41,Oregon,410482,0,1,1,No,8,Not Reported,8,Not Reported,8,Not Reported,8,Not Reported,8,Not Reported
41,Oregon,410494,0,1,8,Not Reported,8,Not Reported,8,Not Reported,8,Not Reported,8,Not Reported,8,Not Reported
41,Oregon,410499,0,1,8,Not Reported,8,Not Reported,8,Not Reported,8,Not Reported,8,Not Reported,8,Not Reported
41,Oregon,410501,0,1,8,Not Reported,8,Not Reported,8,Not Reported,8,Not Reported,8,Not Reported,8,Not Reported
41,Oregon,410506,0,1,1,No,8,Not Reported,8,Not Reported,1,No,1,No,8,Not Reported
41,Oregon,410509,0,1,8,Not Reported,8,Not Reported,8,Not Reported,1,No,8,Not Reported,8,Not Reported
41,Oregon,410519,0,1,8,Not Reported,8,Not Reported,8,Not Reported,1,No,8,Not Reported,8,Not Reported
41,Oregon,410520,0,1,8,Not Reported,8,Not Reported,8,Not Reported,8,Not Reported,8,Not Reported,8,Not Reported
41,Oregon,410528,0,1,8,Not Reported,8,Not Reported,8,Not Reported,1,No,8,Not Reported,8,Not Reported
41,Oregon,410530,0,1,8,Not Reported,8,Not Reported,8,Not Reported,8,Not Reported,8,Not Reported,8,Not Reported
41,Oregon,410530,0,2,8,Not Reported,8,Not Reported,8,Not Reported,8,Not Reported,8,Not Reported,8,Not Reported
41,Oregon,410534,0,1,8,Not Reported,8,Not Reported,8,Not Reported,1,No,8,Not Reported,8,Not Reported
41,Oregon,410538,0,1,8,Not Reported,8,Not Reported,8,Not Reported,8,Not Reported,8,Not Reported,8,Not Reported
41,Oregon,410541,0,1,8,Not Reported,8,Not Reported,8,Not Reported,8,Not Reported,8,Not Reported,8,Not Reported
41,Oregon,410542,0,1,8,Not Reported,8,Not Reported,8,Not Reported,8,Not Reported,8,Not Reported,8,Not Reported
41,Oregon,410543,0,1,8,Not Reported,8,Not Reported,8,Not Reported,8,Not Reported,8,Not Reported,8,Not Reported
41,Oregon,410544,0,1,8,Not Reported,8,Not Reported,8,Not Reported,8,Not Reported,8,Not Reported,8,Not Reported
41,Oregon,410545,0,1,8,Not Reported,8,Not Reported,8,Not Reported,8,Not Reported,8,Not Reported,8,Not Reported
41,Oregon,410546,0,1,8,Not Reported,8,Not Reported,8,Not Reported,1,No,8,Not Reported,8,Not Reported
41,Oregon,410556,0,1,8,Not Reported,8,Not Reported,8,Not Reported,8,Not Reported,8,Not Reported,8,Not Reported
41,Oregon,410558,0,1,8,Not Reported,8,Not Reported,8,Not Reported,1,No,8,Not Reported,8,Not Reported
41,Oregon,410560,0,1,8,Not Reported,8,Not Reported,8,Not Reported,8,Not Reported,8,Not Reported,8,Not Reported
41,Oregon,410564,0,1,8,Not Reported,8,Not Reported,8,Not Reported,1,No,8,Not Reported,8,Not Reported
41,Oregon,410592,0,1,8,Not Reported,8,Not Reported,8,Not Reported,1,No,8,Not Reported,8,Not Reported
41,Oregon,410593,0,1,8,Not Reported,8,Not Reported,8,Not Reported,8,Not Reported,8,Not Reported,8,Not Reported
41,Oregon,410596,0,1,8,Not Reported,8,Not Reported,8,Not Reported,8,Not Reported,8,Not Reported,8,Not Reported
