STATE,STATENAME,ST_CASE,WEATHER,WEATHERNAME
41,Oregon,410001,4,Snow
41,Oregon,410002,10,Cloudy
41,Oregon,410003,2,Rain
41,Oregon,410004,2,Rain
41,Oregon,410007,10,Cloudy
41,Oregon,410008,1,Clear
41,Oregon,410009,98,Not Reported
41,Oregon,410010,1,Clear
41,Oregon,410011,10,Cloudy
41,Oregon,410012,10,Cloudy
41,Oregon,410013,3,Sleet or Hail
41,Oregon,410013,10,Cloudy
41,Oregon,410014,5,"Fog, Smog, Smoke"
41,Oregon,410015,1,Clear
41,Oregon,410016,5,"Fog, Smog, Smoke"
41,Oregon,410017,10,Cloudy
41,Oregon,410018,1,Clear
41,Oregon,410019,2,Rain
41,Oregon,410020,1,Clear
41,Oregon,410021,1,Clear
41,Oregon,410022,1,Clear
41,Oregon,410023,1,Clear
41,Oregon,410024,1,Clear
41,Oregon,410025,5,"Fog, Smog, Smoke"
41,Oregon,410026,1,Clear
41,Oregon,410027,5,"Fog, Smog, Smoke"
41,Oregon,410029,1,Clear
41,Oregon,410030,1,Clear
41,Oregon,410031,5,"Fog, Smog, Smoke"
41,Oregon,410033,1,Clear
41,Oregon,410035,2,Rain
41,Oregon,410036,1,Clear
41,Oregon,410037,10,Cloudy
41,Oregon,410038,1,Clear
41,Oregon,410039,10,Cloudy
41,Oregon,410040,1,Clear
41,Oregon,410041,10,Cloudy
41,Oregon,410042,1,Clear
41,Oregon,410043,1,Clear
41,Oregon,410044,10,Cloudy
41,Oregon,410045,1,Clear
41,Oregon,410046,10,Cloudy
41,Oregon,410047,1,Clear
41,Oregon,410048,1,Clear
41,Oregon,410049,1,Clear
41,Oregon,410051,98,Not Reported
41,Oregon,410052,10,Cloudy
41,Oregon,410053,10,Cloudy
41,Oregon,410054,10,Cloudy
41,Oregon,410055,1,Clear
41,Oregon,410056,1,Clear
41,Oregon,410057,1,Clear
41,Oregon,410058,1,Clear
41,Oregon,410059,10,Cloudy
41,Oregon,410061,98,Not Reported
41,Oregon,410062,1,Clear
41,Oregon,410063,1,Clear
41,Oregon,410064,98,Not Reported
41,Oregon,410065,1,Clear
41,Oregon,410066,2,Rain
41,Oregon,410067,1,Clear
41,Oregon,410068,1,Clear
41,Oregon,410069,1,Clear
41,Oregon,410070,10,Cloudy
41,Oregon,410071,1,Clear
41,Oregon,410072,2,Rain
41,Oregon,410073,1,Clear
41,Oregon,410074,4,Snow
41,Oregon,410075,2,Rain
41,Oregon,410076,1,Clear
41,Oregon,410079,2,Rain
41,Oregon,410080,10,Cloudy
41,Oregon,410081,1,Clear
41,Oregon,410082,98,Not Reported
41,Oregon,410083,1,Clear
41,Oregon,410085,5,"Fog, Smog, Smoke"
41,Oregon,410086,1,Clear
41,Oregon,410087,1,Clear
41,Oregon,410089,2,Rain
41,Oregon,410090,4,Snow
41,Oregon,410091,1,Clear
41,Oregon,410092,6,Severe Crosswinds
41,Oregon,410093,1,Clear
41,Oregon,410094,1,Clear
41,Oregon,410095,1,Clear
41,Oregon,410096,1,Clear
41,Oregon,410097,10,Cloudy
41,Oregon,410098,10,Cloudy
41,Oregon,410099,10,Cloudy
41,Oregon,410100,98,Not Reported
41,Oregon,410101,10,Cloudy
41,Oregon,410102,2,Rain
41,Oregon,410103,1,Clear
41,Oregon,410104,2,Rain
41,Oregon,410105,10,Cloudy
41,Oregon,410106,10,Cloudy
41,Oregon,410107,1,Clear
41,Oregon,410109,1,Clear
41,Oregon,410110,10,Cloudy
41,Oregon,410111,1,Clear
41,Oregon,410112,2,Rain
41,Oregon,410113,1,Clear
41,Oregon,410114,10,Cloudy
41,Oregon,410115,10,Cloudy
41,Oregon,410116,1,Clear
41,Oregon,410117,10,Cloudy
41,Oregon,410118,10,Cloudy
41,Oregon,410119,2,Rain
41,Oregon,410120,10,Cloudy
41,Oregon,410121,1,Clear
41,Oregon,410122,10,Cloudy
41,Oregon,410123,2,Rain
41,Oregon,410124,5,"Fog, Smog, Smoke"
41,Oregon,410125,10,Cloudy
41,Oregon,410126,1,Clear
41,Oregon,410127,10,Cloudy
41,Oregon,410128,10,Cloudy
41,Oregon,410129,1,Clear
41,Oregon,410130,2,Rain
41,Oregon,410131,98,Not Reported
41,Oregon,410132,10,Cloudy
41,Oregon,410133,1,Clear
41,Oregon,410135,4,Snow
41,Oregon,410136,3,Sleet or Hail
41,Oregon,410137,1,Clear
41,Oregon,410138,1,Clear
41,Oregon,410139,10,Cloudy
41,Oregon,410140,3,Sleet or Hail
41,Oregon,410141,1,Clear
41,Oregon,410142,1,Clear
41,Oregon,410143,1,Clear
41,Oregon,410145,10,Cloudy
41,Oregon,410146,10,Cloudy
41,Oregon,410147,10,Cloudy
41,Oregon,410150,98,Not Reported
41,Oregon,410151,10,Cloudy
41,Oregon,410152,1,Clear
41,Oregon,410153,10,Cloudy
41,Oregon,410154,1,Clear
41,Oregon,410155,10,Cloudy
41,Oregon,410156,2,Rain
41,Oregon,410157,2,Rain
41,Oregon,410157,10,Cloudy
41,Oregon,410158,10,Cloudy
41,Oregon,410159,1,Clear
41,Oregon,410160,98,Not Reported
41,Oregon,410162,5,"Fog, Smog, Smoke"
41,Oregon,410163,1,Clear
41,Oregon,410164,1,Clear
41,Oregon,410165,1,Clear
41,Oregon,410166,1,Clear
41,Oregon,410167,10,Cloudy
41,Oregon,410168,1,Clear
41,Oregon,410169,1,Clear
41,Oregon,410170,1,Clear
41,Oregon,410171,1,Clear
41,Oregon,410172,10,Cloudy
41,Oregon,410173,1,Clear
41,Oregon,410174,2,Rain
41,Oregon,410175,1,Clear
41,Oregon,410176,1,Clear
41,Oregon,410177,10,Cloudy
41,Oregon,410178,1,Clear
41,Oregon,410179,1,Clear
41,Oregon,410180,1,Clear
41,Oregon,410181,1,Clear
41,Oregon,410182,10,Cloudy
41,Oregon,410183,2,Rain
41,Oregon,410184,1,Clear
41,Oregon,410186,1,Clear
41,Oregon,410187,1,Clear
41,Oregon,410189,1,Clear
41,Oregon,410191,2,Rain
41,Oregon,410192,2,Rain
41,Oregon,410194,98,Not Reported
41,Oregon,410195,1,Clear
41,Oregon,410196,1,Clear
41,Oregon,410197,10,Cloudy
41,Oregon,410198,10,Cloudy
41,Oregon,410199,2,Rain
41,Oregon,410200,10,Cloudy
41,Oregon,410202,1,Clear
41,Oregon,410203,2,Rain
41,Oregon,410204,98,Not Reported
41,Oregon,410205,10,Cloudy
41,Oregon,410206,1,Clear
41,Oregon,410207,1,Clear
41,Oregon,410209,1,Clear
41,Oregon,410210,10,Cloudy
41,Oregon,410211,1,Clear
41,Oregon,410213,1,Clear
41,Oregon,410214,1,Clear
41,Oregon,410215,1,Clear
41,Oregon,410216,1,Clear
41,Oregon,410217,99,Reported as Unknown
41,Oregon,410218,98,Not Reported
41,Oregon,410219,99,Reported as Unknown
41,Oregon,410220,2,Rain
41,Oregon,410220,10,Cloudy
41,Oregon,410221,1,Clear
41,Oregon,410222,1,Clear
41,Oregon,410223,1,Clear
41,Oregon,410224,1,Clear
41,Oregon,410225,10,Cloudy
41,Oregon,410226,1,Clear
41,Oregon,410228,1,Clear
41,Oregon,410229,99,Reported as Unknown
41,Oregon,410230,1,Clear
41,Oregon,410231,1,Clear
41,Oregon,410232,1,Clear
41,Oregon,410233,98,Not Reported
41,Oregon,410234,1,Clear
41,Oregon,410235,98,Not Reported
41,Oregon,410236,1,Clear
41,Oregon,410237,1,Clear
41,Oregon,410238,1,Clear
41,Oregon,410239,1,Clear
41,Oregon,410240,1,Clear
41,Oregon,410241,10,Cloudy
41,Oregon,410242,98,Not Reported
41,Oregon,410243,1,Clear
41,Oregon,410244,10,Cloudy
41,Oregon,410245,1,Clear
41,Oregon,410246,1,Clear
41,Oregon,410247,1,Clear
41,Oregon,410248,1,Clear
41,Oregon,410249,1,Clear
41,Oregon,410250,2,Rain
41,Oregon,410251,1,Clear
41,Oregon,410252,1,Clear
41,Oregon,410253,1,Clear
41,Oregon,410254,1,Clear
41,Oregon,410256,1,Clear
41,Oregon,410257,1,Clear
41,Oregon,410258,1,Clear
41,Oregon,410259,10,Cloudy
41,Oregon,410260,1,Clear
41,Oregon,410261,1,Clear
41,Oregon,410262,1,Clear
41,Oregon,410263,1,Clear
41,Oregon,410264,1,Clear
41,Oregon,410265,1,Clear
41,Oregon,410266,1,Clear
41,Oregon,410267,1,Clear
41,Oregon,410268,98,Not Reported
41,Oregon,410269,10,Cloudy
41,Oregon,410270,1,Clear
41,Oregon,410271,1,Clear
41,Oregon,410272,1,Clear
41,Oregon,410273,1,Clear
41,Oregon,410274,1,Clear
41,Oregon,410275,1,Clear
41,Oregon,410276,1,Clear
41,Oregon,410277,1,Clear
41,Oregon,410279,98,Not Reported
41,Oregon,410280,10,Cloudy
41,Oregon,410281,1,Clear
41,Oregon,410282,1,Clear
41,Oregon,410284,1,Clear
41,Oregon,410285,5,"Fog, Smog, Smoke"
41,Oregon,410286,1,Clear
41,Oregon,410288,1,Clear
41,Oregon,410289,1,Clear
41,Oregon,410290,1,Clear
41,Oregon,410291,1,Clear
41,Oregon,410292,1,Clear
41,Oregon,410293,1,Clear
41,Oregon,410294,1,Clear
41,Oregon,410295,1,Clear
41,Oregon,410296,10,Cloudy
41,Oregon,410297,1,Clear
41,Oregon,410298,1,Clear
41,Oregon,410300,1,Clear
41,Oregon,410301,1,Clear
41,Oregon,410302,1,Clear
41,Oregon,410303,1,Clear
41,Oregon,410304,1,Clear
41,Oregon,410305,1,Clear
41,Oregon,410306,1,Clear
41,Oregon,410307,1,Clear
41,Oregon,410308,1,Clear
41,Oregon,410309,98,Not Reported
41,Oregon,410310,1,Clear
41,Oregon,410311,10,Cloudy
41,Oregon,410312,1,Clear
41,Oregon,410313,10,Cloudy
41,Oregon,410314,1,Clear
41,Oregon,410315,1,Clear
41,Oregon,410316,1,Clear
41,Oregon,410317,1,Clear
41,Oregon,410318,1,Clear
41,Oregon,410319,1,Clear
41,Oregon,410320,1,Clear
41,Oregon,410321,1,Clear
41,Oregon,410322,1,Clear
41,Oregon,410323,1,Clear
41,Oregon,410324,1,Clear
41,Oregon,410325,1,Clear
41,Oregon,410326,1,Clear
41,Oregon,410327,1,Clear
41,Oregon,410328,1,Clear
41,Oregon,410329,98,Not Reported
41,Oregon,410330,1,Clear
41,Oregon,410331,10,Cloudy
41,Oregon,410332,1,Clear
41,Oregon,410333,10,Cloudy
41,Oregon,410334,1,Clear
41,Oregon,410336,98,Not Reported
41,Oregon,410337,1,Clear
41,Oregon,410338,1,Clear
41,Oregon,410339,1,Clear
41,Oregon,410340,1,Clear
41,Oregon,410341,10,Cloudy
41,Oregon,410342,1,Clear
41,Oregon,410343,1,Clear
41,Oregon,410344,1,Clear
41,Oregon,410345,1,Clear
41,Oregon,410346,1,Clear
41,Oregon,410347,1,Clear
41,Oregon,410348,2,Rain
41,Oregon,410349,98,Not Reported
41,Oregon,410350,98,Not Reported
41,Oregon,410351,1,Clear
41,Oregon,410352,10,Cloudy
41,Oregon,410353,10,Cloudy
41,Oregon,410354,98,Not Reported
41,Oregon,410355,1,Clear
41,Oregon,410356,1,Clear
41,Oregon,410357,1,Clear
41,Oregon,410358,10,Cloudy
41,Oregon,410359,10,Cloudy
41,Oregon,410361,5,"Fog, Smog, Smoke"
41,Oregon,410362,5,"Fog, Smog, Smoke"
41,Oregon,410363,1,Clear
41,Oregon,410364,10,Cloudy
41,Oregon,410365,1,Clear
41,Oregon,410366,10,Cloudy
41,Oregon,410367,10,Cloudy
41,Oregon,410368,1,Clear
41,Oregon,410370,1,Clear
41,Oregon,410371,98,Not Reported
41,Oregon,410372,1,Clear
41,Oregon,410373,1,Clear
41,Oregon,410374,1,Clear
41,Oregon,410375,1,Clear
41,Oregon,410377,1,Clear
41,Oregon,410378,1,Clear
41,Oregon,410379,1,Clear
41,Oregon,410380,10,Cloudy
41,Oregon,410382,1,Clear
41,Oregon,410383,1,Clear
41,Oregon,410384,2,Rain
41,Oregon,410386,1,Clear
41,Oregon,410387,2,Rain
41,Oregon,410388,1,Clear
41,Oregon,410389,1,Clear
41,Oregon,410390,1,Clear
41,Oregon,410391,1,Clear
41,Oregon,410392,1,Clear
41,Oregon,410393,1,Clear
41,Oregon,410394,1,Clear
41,Oregon,410395,1,Clear
41,Oregon,410397,1,Clear
41,Oregon,410398,1,Clear
41,Oregon,410399,1,Clear
41,Oregon,410400,98,Not Reported
41,Oregon,410401,1,Clear
41,Oregon,410402,10,Cloudy
41,Oregon,410403,10,Cloudy
41,Oregon,410404,1,Clear
41,Oregon,410405,10,Cloudy
41,Oregon,410406,1,Clear
41,Oregon,410407,10,Cloudy
41,Oregon,410408,1,Clear
41,Oregon,410409,1,Clear
41,Oregon,410410,1,Clear
41,Oregon,410411,10,Cloudy
41,Oregon,410412,1,Clear
41,Oregon,410413,1,Clear
41,Oregon,410414,1,Clear
41,Oregon,410415,10,Cloudy
41,Oregon,410416,1,Clear
41,Oregon,410417,1,Clear
41,Oregon,410418,10,Cloudy
41,Oregon,410419,1,Clear
41,Oregon,410420,1,Clear
41,Oregon,410421,5,"Fog, Smog, Smoke"
41,Oregon,410421,10,Cloudy
41,Oregon,410422,10,Cloudy
41,Oregon,410423,1,Clear
41,Oregon,410424,1,Clear
41,Oregon,410425,1,Clear
41,Oregon,410426,1,Clear
41,Oregon,410427,1,Clear
41,Oregon,410428,1,Clear
41,Oregon,410429,10,Cloudy
41,Oregon,410430,1,Clear
41,Oregon,410431,10,Cloudy
41,Oregon,410432,98,Not Reported
41,Oregon,410433,1,Clear
41,Oregon,410434,1,Clear
41,Oregon,410435,1,Clear
41,Oregon,410436,98,Not Reported
41,Oregon,410437,1,Clear
41,Oregon,410438,1,Clear
41,Oregon,410439,10,Cloudy
41,Oregon,410441,1,Clear
41,Oregon,410442,98,Not Reported
41,Oregon,410443,5,"Fog, Smog, Smoke"
41,Oregon,410444,1,Clear
41,Oregon,410445,1,Clear
41,Oregon,410446,1,Clear
41,Oregon,410447,10,Cloudy
41,Oregon,410448,2,Rain
41,Oregon,410449,10,Cloudy
41,Oregon,410450,10,Cloudy
41,Oregon,410451,2,Rain
41,Oregon,410452,1,Clear
41,Oregon,410453,10,Cloudy
41,Oregon,410454,1,Clear
41,Oregon,410455,1,Clear
41,Oregon,410456,10,Cloudy
41,Oregon,410457,2,Rain
41,Oregon,410458,2,Rain
41,Oregon,410459,1,Clear
41,Oregon,410460,2,Rain
41,Oregon,410461,10,Cloudy
41,Oregon,410462,98,Not Reported
41,Oregon,410463,2,Rain
41,Oregon,410464,2,Rain
41,Oregon,410465,2,Rain
41,Oregon,410466,2,Rain
41,Oregon,410467,1,Clear
41,Oregon,410468,1,Clear
41,Oregon,410469,1,Clear
41,Oregon,410470,10,Cloudy
41,Oregon,410471,1,Clear
41,Oregon,410472,1,Clear
41,Oregon,410473,1,Clear
41,Oregon,410474,1,Clear
41,Oregon,410475,10,Cloudy
41,Oregon,410476,4,Snow
41,Oregon,410478,5,"Fog, Smog, Smoke"
41,Oregon,410479,1,Clear
41,Oregon,410480,1,Clear
41,Oregon,410481,1,Clear
41,Oregon,410482,2,Rain
41,Oregon,410483,1,Clear
41,Oregon,410484,1,Clear
41,Oregon,410485,2,Rain
41,Oregon,410486,10,Cloudy
41,Oregon,410487,1,Clear
41,Oregon,410488,5,"Fog, Smog, Smoke"
41,Oregon,410489,10,Cloudy
41,Oregon,410490,1,Clear
41,Oregon,410491,1,Clear
41,Oregon,410492,98,Not Reported
41,Oregon,410493,5,"Fog, Smog, Smoke"
41,Oregon,410494,10,Cloudy
41,Oregon,410495,1,Clear
41,Oregon,410496,10,Cloudy
41,Oregon,410497,10,Cloudy
41,Oregon,410498,5,"Fog, Smog, Smoke"
41,Oregon,410499,2,Rain
41,Oregon,410500,2,Rain
41,Oregon,410501,1,Clear
41,Oregon,410502,1,Clear
41,Oregon,410503,1,Clear
41,Oregon,410504,1,Clear
41,Oregon,410505,2,Rain
41,Oregon,410506,2,Rain
41,Oregon,410508,1,Clear
41,Oregon,410509,1,Clear
41,Oregon,410510,2,Rain
41,Oregon,410511,10,Cloudy
41,Oregon,410512,1,Clear
41,Oregon,410514,99,Reported as Unknown
41,Oregon,410515,10,Cloudy
41,Oregon,410516,10,Cloudy
41,Oregon,410517,10,Cloudy
41,Oregon,410518,2,Rain
41,Oregon,410519,10,Cloudy
41,Oregon,410520,2,Rain
41,Oregon,410520,10,Cloudy
41,Oregon,410521,2,Rain
41,Oregon,410522,10,Cloudy
41,Oregon,410523,1,Clear
41,Oregon,410525,1,Clear
41,Oregon,410526,1,Clear
41,Oregon,410527,2,Rain
41,Oregon,410528,1,Clear
41,Oregon,410530,5,"Fog, Smog, Smoke"
41,Oregon,410531,1,Clear
41,Oregon,410532,10,Cloudy
41,Oregon,410533,2,Rain
41,Oregon,410534,1,Clear
41,Oregon,410535,1,Clear
41,Oregon,410536,2,Rain
41,Oregon,410537,4,Snow
41,Oregon,410538,10,Cloudy
41,Oregon,410539,1,Clear
41,Oregon,410541,10,Cloudy
41,Oregon,410542,3,Sleet or Hail
41,Oregon,410543,1,Clear
41,Oregon,410544,2,Rain
41,Oregon,410545,1,Clear
41,Oregon,410546,2,Rain
41,Oregon,410546,3,Sleet or Hail
41,Oregon,410546,10,Cloudy
41,Oregon,410547,4,Snow
41,Oregon,410547,10,Cloudy
41,Oregon,410547,12,Freezing Rain or Drizzle
41,Oregon,410548,2,Rain
41,Oregon,410549,3,Sleet or Hail
41,Oregon,410550,2,Rain
41,Oregon,410551,10,Cloudy
41,Oregon,410552,4,Snow
41,Oregon,410553,2,Rain
41,Oregon,410554,6,Severe Crosswinds
41,Oregon,410555,2,Rain
41,Oregon,410556,10,Cloudy
41,Oregon,410557,2,Rain
41,Oregon,410558,2,Rain
41,Oregon,410559,2,Rain
41,Oregon,410560,2,Rain
41,Oregon,410561,2,Rain
41,Oregon,410561,10,Cloudy
41,Oregon,410563,10,Cloudy
41,Oregon,410564,2,Rain
41,Oregon,410565,98,Not Reported
41,Oregon,410566,2,Rain
41,Oregon,410567,2,Rain
41,Oregon,410568,1,Clear
41,Oregon,410569,1,Clear
41,Oregon,410570,1,Clear
41,Oregon,410571,98,Not Reported
41,Oregon,410572,1,Clear
41,Oregon,410573,1,Clear
41,Oregon,410574,1,Clear
41,Oregon,410575,1,Clear
41,Oregon,410576,98,Not Reported
41,Oregon,410577,98,Not Reported
41,Oregon,410578,10,Cloudy
41,Oregon,410579,1,Clear
41,Oregon,410580,1,Clear
41,Oregon,410581,98,Not Reported
41,Oregon,410582,98,Not Reported
41,Oregon,410583,1,Clear
41,Oregon,410584,1,Clear
41,Oregon,410585,1,Clear
41,Oregon,410586,1,Clear
41,Oregon,410587,1,Clear
41,Oregon,410588,1,Clear
41,Oregon,410589,1,Clear
41,Oregon,410590,10,Cloudy
41,Oregon,410591,5,"Fog, Smog, Smoke"
41,Oregon,410592,98,Not Reported
41,Oregon,410593,1,Clear
41,Oregon,410594,10,Cloudy
41,Oregon,410596,1,Clear
41,Oregon,410597,2,Rain
41,Oregon,410598,98,Not Reported
41,Oregon,410599,1,Clear
